# Original phrase	original readings	reviewed phrase	reviewed readings
爸爸	ㄅㄚˋ ˙ㄅㄚ	爸爸	ㄅㄚˋ ㄅㄚˋ
白天	ㄅㄞˊ ˙ㄊㄧㄢ	白天	ㄅㄞˊ ㄊㄧㄢ
北邊	ㄅㄟˇ ˙ㄅㄧㄢ	北邊	ㄅㄟˇ ㄅㄧㄢ
別人	ㄅㄧㄝˊ ˙ㄖㄣ	別人	ㄅㄧㄝˊ ㄖㄣˊ
出來	ㄔㄨ ˙ㄌㄞ	出來	ㄔㄨ ㄌㄞˊ
出去	ㄔㄨ ˙ㄑㄩ	出去	ㄔㄨ ㄑㄩˋ
地方	ㄉㄧˋ ˙ㄈㄤ	地方	ㄉㄧˋ ㄈㄤ
地上	ㄉㄧˋ ˙ㄕㄤ	地上	ㄉㄧˋ ㄕㄤˋ
弟弟	ㄉㄧˋ ˙ㄉㄧ	弟弟	ㄉㄧˋ ㄉㄧˋ
東西	ㄉㄨㄥ ˙ㄒㄧ	東西	ㄉㄨㄥ ㄒㄧ
對不起	ㄉㄨㄟˋ ˙ㄅㄨ ㄑㄧˇ	對不起	ㄉㄨㄟˋ ㄅㄨˋ ㄑㄧˇ
多少	ㄉㄨㄛ ˙ㄕㄠ	多少	ㄉㄨㄛ ㄕㄠˇ
告訴	ㄍㄠˋ ˙ㄙㄨ	告訴	ㄍㄠˋ ㄙㄨˋ
哥哥	ㄍㄜ ˙ㄍㄜ	哥哥	ㄍㄜ ㄍㄜ
工人	ㄍㄨㄥ ˙ㄖㄣ	工人	ㄍㄨㄥ ㄖㄣˊ
還是	ㄏㄞˊ ˙ㄕ	還是	ㄏㄞˊ ㄕˋ
好玩兒	ㄏㄠˇ ㄨㄢˊ ˙ㄦ	好玩兒	ㄏㄠˇ ㄨㄢˊ ㄦˊ
後邊	ㄏㄡˋ ˙ㄅㄧㄢ	後邊	ㄏㄡˋ ㄅㄧㄢ
回去	ㄏㄨㄟˊ ˙ㄑㄩ	回去	ㄏㄨㄟˊ ㄑㄩˋ
回來	ㄏㄨㄟˊ ˙ㄌㄞ	回來	ㄏㄨㄟˊ ㄌㄞˊ
記住	ㄐㄧˋ ˙ㄓㄨ	記住	ㄐㄧˋ ㄓㄨˋ
姐姐	ㄐㄧㄝˇ ˙ㄐㄧㄝ	姐姐	ㄐㄧㄝˇ ㄐㄧㄝˇ
進來	ㄐㄧㄣˋ ˙ㄌㄞ	進來	ㄐㄧㄣˋ ㄌㄞˊ
進去	ㄐㄧㄣˋ ˙ㄑㄩ	進去	ㄐㄧㄣˋ ㄑㄩˋ
看見	ㄎㄢˋ ˙ㄐㄧㄢ	看見	ㄎㄢˋ ㄐㄧㄢˋ
老人	ㄌㄠˇ ˙ㄖㄣ	老人	ㄌㄠˇ ㄖㄣˊ
裡邊	ㄌㄧˇ ˙ㄅㄧㄢ	裡邊	ㄌㄧˇ ㄅㄧㄢ
路上	ㄌㄨˋ ˙ㄕㄤ	路上	ㄌㄨˋ ㄕㄤˋ
媽媽	ㄇㄚ ˙ㄇㄚ	媽媽	ㄇㄚ ㄇㄚ
沒關係	ㄇㄟˊ ㄍㄨㄢ ˙ㄒㄧ	沒關係	ㄇㄟˊ ㄍㄨㄢ ㄒㄧˋ
沒有	ㄇㄟˊ ˙ㄧㄡ	沒有	ㄇㄟˊ ㄧㄡˇ
沒事兒	ㄇㄟˊ ㄕˋ ˙ㄦ	沒事兒	ㄇㄟˊ ㄕˋ ㄦˊ
妹妹	ㄇㄟˋ ˙ㄇㄟ	妹妹	ㄇㄟˋ ㄇㄟˋ
麵條兒	ㄇㄧㄢˋ ㄊㄧㄠˊ ˙ㄦ	麵條兒	ㄇㄧㄢˋ ㄊㄧㄠˊ ㄦˊ
名字	ㄇㄧㄥˊ ˙ㄗ	名字	ㄇㄧㄥˊ ㄗˋ
明白	ㄇㄧㄥˊ ˙ㄅㄞ	明白	ㄇㄧㄥˊ ㄅㄞˊ
哪裡	ㄋㄚˇ ˙ㄌㄧ	哪裡	ㄋㄚˇ ㄌㄧˇ
哪兒	ㄋㄚˇ ˙ㄦ	哪兒	ㄋㄚˇ ㄦˊ
那邊	ㄋㄚˋ ˙ㄅㄧㄢ	那邊	ㄋㄚˋ ㄅㄧㄢ
那兒	ㄋㄚˋ ˙ㄦ	那兒	ㄋㄚˋ ㄦˊ
奶奶	ㄋㄞˇ ˙ㄋㄞ	奶奶	ㄋㄞˇ ㄋㄞˇ
男孩兒	ㄋㄢˊ ㄏㄞˊ ˙ㄦ	男孩兒	ㄋㄢˊ ㄏㄞˊ ㄦˊ
男朋友	ㄋㄢˊ ㄆㄥˊ ˙ㄧㄡ	男朋友	ㄋㄢˊ ㄆㄥˊ ㄧㄡˇ
男人	ㄋㄢˊ ˙ㄖㄣ	男人	ㄋㄢˊ ㄖㄣˊ
南邊	ㄋㄢˊ ˙ㄅㄧㄢ	南邊	ㄋㄢˊ ㄅㄧㄢ
女孩兒	ㄋㄩˇ ㄏㄞˊ ˙ㄦ	女孩兒	ㄋㄩˇ ㄏㄞˊ ㄦˊ
女朋友	ㄋㄩˇ ㄆㄥˊ ˙ㄧㄡ	女朋友	ㄋㄩˇ ㄆㄥˊ ㄧㄡˇ
女人	ㄋㄩˇ ˙ㄖㄣ	女人	ㄋㄩˇ ㄖㄣˊ
朋友	ㄆㄥˊ ˙ㄧㄡ	朋友	ㄆㄥˊ ㄧㄡˇ
起來	ㄑㄧˇ ˙ㄌㄞ	起來	ㄑㄧˇ ㄌㄞˊ
前邊	ㄑㄧㄢˊ ˙ㄅㄧㄢ	前邊	ㄑㄧㄢˊ ㄅㄧㄢ
認識	ㄖㄣˋ ˙ㄕ	認識	ㄖㄣˋ ㄕˋ
日期	ㄖˋ ㄑㄧ	日期	ㄖˋ ㄑㄧˊ
上邊	ㄕㄤˋ ˙ㄅㄧㄢ	上邊	ㄕㄤˋ ㄅㄧㄢ
身上	ㄕㄣ ˙ㄕㄤ	身上	ㄕㄣ ㄕㄤˋ
時候	ㄕˊ ˙ㄏㄡ	時候	ㄕˊ ㄏㄡˋ
生日	ㄕㄥ ˙ㄖ	生日	ㄕㄥ ㄖˋ
聽見	ㄊㄧㄥ ˙ㄐㄧㄢ	聽見	ㄊㄧㄥ ㄐㄧㄢˋ
外邊	ㄨㄞˋ ˙ㄅㄧㄢ	外邊	ㄨㄞˋ ㄅㄧㄢ
玩兒	ㄨㄢˊ ˙ㄦ	玩兒	ㄨㄢˊ ㄦˊ
晚上	ㄨㄢˇ ˙ㄕㄤ	晚上	ㄨㄢˇ ㄕㄤˋ
西邊	ㄒㄧ ˙ㄅㄧㄢ	西邊	ㄒㄧ ㄅㄧㄢ
喜歡	ㄒㄧˇ ˙ㄏㄨㄢ	喜歡	ㄒㄧˇ ㄏㄨㄢ
下邊	ㄒㄧㄚˋ ˙ㄅㄧㄢ	下邊	ㄒㄧㄚˋ ㄅㄧㄢ
先生	ㄒㄧㄢ ˙ㄕㄥ	先生	ㄒㄧㄢ ㄕㄥ
小孩兒	ㄒㄧㄠˇ ㄏㄞˊ ˙ㄦ	小孩兒	ㄒㄧㄠˇ ㄏㄞˊ ㄦˊ
小學生	ㄒㄧㄠˇ ㄒㄩㄝˊ ˙ㄕㄥ	小學生	ㄒㄧㄠˇ ㄒㄩㄝˊ ㄕㄥ
星期	ㄒㄧㄥ ㄑㄧ	星期	ㄒㄧㄥ ㄑㄧˊ
星期日	ㄒㄧㄥ ㄑㄧ ㄖˋ	星期日	ㄒㄧㄥ ㄑㄧˊ ㄖˋ
星期天	ㄒㄧㄥ ㄑㄧ ㄊㄧㄢ	星期天	ㄒㄧㄥ ㄑㄧˊ ㄊㄧㄢ
休息	ㄒㄧㄡ ˙ㄒㄧ	休息	ㄒㄧㄡ ㄒㄧˊ
學生	ㄒㄩㄝˊ ˙ㄕㄥ	學生	ㄒㄩㄝˊ ㄕㄥ
爺爺	ㄧㄝˊ ˙ㄧㄝ	爺爺	ㄧㄝˊ ㄧㄝˊ
衣服	ㄧ ˙ㄈㄨ	衣服	ㄧ ㄈㄨˊ
一會兒	ㄧ ㄏㄨㄟˋ ˙ㄦ	一會兒	ㄧ ㄏㄨㄟˋ ㄦˊ
一塊兒	ㄧ ㄎㄨㄞˋ ˙ㄦ	一塊兒	ㄧ ㄎㄨㄞˋ ㄦˊ
一下兒	ㄧ ㄒㄧㄚˋ ˙ㄦ	一下兒	ㄧ ㄒㄧㄚˋ ㄦˊ
一點兒	ㄧ ㄉㄧㄢˇ ˙ㄦ	一點兒	ㄧ ㄉㄧㄢˇ ㄦˊ
有時候	ㄧㄡˇ ㄕˊ ˙ㄏㄡ	有時候	ㄧㄡˇ ㄕˊ ㄏㄡˋ
右邊	ㄧㄡˋ ˙ㄅㄧㄢ	右邊	ㄧㄡˋ ㄅㄧㄢ
早上	ㄗㄠˇ ˙ㄕㄤ	早上	ㄗㄠˇ ㄕㄤˋ
這兒	ㄓㄜˋ ˙ㄦ	這兒	ㄓㄜˋ ㄦˊ
知道	ㄓ ˙ㄉㄠ	知道	ㄓ ㄉㄠˋ
知識	ㄓ ˙ㄕ	知識	ㄓ ㄕˋ
左邊	ㄗㄨㄛˇ ˙ㄅㄧㄢ	左邊	ㄗㄨㄛˇ ㄅㄧㄢ
愛人	ㄞˋ ˙ㄖㄣ	愛人	ㄞˋ ㄖㄣˊ
不好意思	ㄅㄨˋ ㄏㄠˇ ㄧˋ ˙ㄙ	不好意思	ㄅㄨˋ ㄏㄠˇ ㄧˋ ㄙ
不一會兒	ㄅㄨˋ ㄧ ㄏㄨㄟˇ ˙ㄦ	不一會兒	ㄅㄨˋ ㄧ ㄏㄨㄟˋ ㄦˊ
部分	ㄅㄨˋ ˙ㄈㄣ	部分	ㄅㄨˋ ㄈㄣˋ
差不多	ㄔㄚˋ ˙ㄅㄨ ㄉㄨㄛ	差不多	ㄔㄚ ㄅㄨˋ ㄉㄨㄛ
成績	ㄔㄥˊ ㄐㄧˋ	成績	ㄔㄥˊ ㄐㄧ
答應	ㄉㄚ ˙ㄧㄥ	答應	ㄉㄚ ㄧㄥˋ
打算	ㄉㄚˇ ˙ㄙㄨㄢ	打算	ㄉㄚˇ ㄙㄨㄢˋ
大部分	ㄉㄚˋ ㄅㄨˋ ˙ㄈㄣ	大部分	ㄉㄚˋ ㄅㄨˋ ㄈㄣˋ
大大	ㄉㄚˋ ˙ㄉㄚ	大大	ㄉㄚˋ ㄉㄚˋ
大海	ㄉㄚˇ ㄏㄞˇ	大海	ㄉㄚˋ ㄏㄞˇ
大人	ㄉㄚˋ ˙ㄖㄣ	大人	ㄉㄚˋ ㄖㄣˊ
道理	ㄉㄠˋ ˙ㄌㄧ	道理	ㄉㄠˋ ㄌㄧˇ
方向	ㄈㄤ ˙ㄒㄧㄤ	方向	ㄈㄤ ㄒㄧㄤˋ
幹活兒	ㄍㄢˋ ㄏㄨㄛˊ ˙ㄦ	幹活兒	ㄍㄢˋ ㄏㄨㄛˊ ㄦˊ
故事	ㄍㄨˋ ˙ㄕ	故事	ㄍㄨˋ ㄕˋ
過來	ㄍㄨㄛˋ ˙ㄌㄞ	過來	ㄍㄨㄛˋ ㄌㄞˊ
過年	ㄍㄨㄛˋ ˙ㄋㄧㄢ	過年	ㄍㄨㄛˋ ㄋㄧㄢˊ
過去	ㄍㄨㄛˋ ˙ㄑㄩ	過去	ㄍㄨㄛˋ ㄑㄩˋ
好處	ㄏㄠˇ ˙ㄔㄨ	好處	ㄏㄠˇ ㄔㄨˋ
畫兒	ㄏㄨㄚˋ ˙ㄦ	畫兒	ㄏㄨㄚˋ ㄦˊ
壞處	ㄏㄨㄞˋ ˙ㄔㄨ	壞處	ㄏㄨㄞˋ ㄔㄨˋ
活動	ㄏㄨㄛˊ ˙ㄉㄨㄥ	活動	ㄏㄨㄛˊ ㄉㄨㄥˋ
機會	ㄐㄧ ˙ㄏㄨㄟ	機會	ㄐㄧ ㄏㄨㄟˋ
假期	ㄐㄧㄚˋ ㄑㄧ	假期	ㄐㄧㄚˋ ㄑㄧˊ
交朋友	ㄐㄧㄠ ㄆㄥˊ ˙ㄧㄡ	交朋友	ㄐㄧㄠ ㄆㄥˊ ㄧㄡˇ
看法	ㄎㄢˋ ˙ㄈㄚ	看法	ㄎㄢˋ ㄈㄚˇ
快點兒	ㄎㄨㄞˋ ㄉㄧㄢˇ ˙ㄦ	快點兒	ㄎㄨㄞˋ ㄉㄧㄢˇ ㄦˊ
客人	ㄎㄜˋ ˙ㄖㄣ	客人	ㄎㄜˋ ㄖㄣˊ
老朋友	ㄌㄠˇ ㄆㄥˊ ˙ㄧㄡ	老朋友	ㄌㄠˇ ㄆㄥˊ ㄧㄡˇ
老是	ㄌㄠˇ ˙ㄕ	老是	ㄌㄠˇ ㄕˋ
涼快	ㄌㄧㄤˊ ˙ㄎㄨㄞ	涼快	ㄌㄧㄤˊ ㄎㄨㄞˋ
那會兒	ㄋㄚˋ ㄏㄨㄟˋ ˙ㄦ	那會兒	ㄋㄚˋ ㄏㄨㄟˋ ㄦˊ
那時候	ㄋㄚˋ ㄕˊ ˙ㄏㄡ	那時候	ㄋㄚˋ ㄕˊ ㄏㄡˋ
碰見	ㄆㄥˋ ˙ㄐㄧㄢ	碰見	ㄆㄥˋ ㄐㄧㄢˋ
平安	ㄆㄧㄣˊ ㄍㄢ	平安	ㄆㄧㄥˊ ㄢ
漂亮	ㄆㄧㄠˋ ˙ㄌㄧㄤ	漂亮	ㄆㄧㄠˋ ㄌㄧㄤˋ
清楚	ㄑㄧㄥ ˙ㄔㄨ	清楚	ㄑㄧㄥ ㄔㄨˇ
商量	ㄕㄤ ˙ㄌㄧㄤ	商量	ㄕㄤ ㄌㄧㄤˊ
實在	ㄕˊ ˙ㄗㄞ	實在	ㄕˊ ㄗㄞˋ
事情	ㄕˋ ˙ㄑㄧㄥ	事情	ㄕˋ ㄑㄧㄥˊ
舒服	ㄕㄨ ˙ㄈㄨ	舒服	ㄕㄨ ㄈㄨˊ
太太	ㄊㄞˋ ˙ㄊㄞ	太太	ㄊㄞˋ ㄊㄞˋ
態度	ㄊㄞˋ ˙ㄉㄨ	態度	ㄊㄞˋ ㄉㄨˋ
天上	ㄊㄧㄢ ˙ㄕㄤ	天上	ㄊㄧㄢ ㄕㄤˋ
頭髮	ㄊㄡˊ ˙ㄈㄚ	頭髮	ㄊㄡˊ ㄈㄚˇ
晚安	ㄨㄚˇ ㄋㄢ	晚安	ㄨㄢˇ ㄢ
味道	ㄨㄟˋ ˙ㄉㄠ	味道	ㄨㄟˋ ㄉㄠˋ
想法	ㄒㄧㄤˇ ˙ㄈㄚ	想法	ㄒㄧㄤˇ ㄈㄚˇ
小時候	ㄒㄧㄠˇ ㄕˊ ˙ㄏㄡ	小時候	ㄒㄧㄠˇ ㄕˊ ㄏㄡˋ
小心	ㄒㄧㄠˇ ˙ㄒㄧㄣ	小心	ㄒㄧㄠˇ ㄒㄧㄣ
笑話兒	ㄒㄧㄠˋ ˙ㄏㄨㄚ ˙ㄦ	笑話兒	ㄒㄧㄠˋ ㄏㄨㄚˋ ㄦˊ
笑話	ㄒㄧㄠˋ ˙ㄏㄨㄚ	笑話	ㄒㄧㄠˋ ㄏㄨㄚˋ
心裡	ㄒㄧㄣ ˙ㄌㄧ	心裡	ㄒㄧㄣ ㄌㄧˇ
信息	ㄒㄧㄣˋ ㄒㄧ	信息	ㄒㄧㄣˋ ㄒㄧˊ
星星	ㄒㄧㄥ ˙ㄒㄧㄥ	星星	ㄒㄧㄥ ㄒㄧㄥ
學期	ㄒㄩㄝˊ ㄑㄧ	學期	ㄒㄩㄝˊ ㄑㄧˊ
眼睛	ㄧㄢˇ ˙ㄐㄧㄥ	眼睛	ㄧㄢˇ ㄐㄧㄥ
夜裡	ㄧㄝˋ ˙ㄌㄧ	夜裡	ㄧㄝˋ ㄌㄧˇ
一部分	ㄧ ㄅㄨˋ ˙ㄈㄣ	一部分	ㄧ ㄅㄨˋ ㄈㄣˋ
因為	ㄧㄣ ˙ㄨㄟ	因為	ㄧㄣ ㄨㄟˋ
意見	ㄧˋ ˙ㄐㄧㄢ	意見	ㄧˋ ㄐㄧㄢˋ
意思	ㄧˋ ˙ㄙ	意思	ㄧˋ ㄙ
有空兒	ㄧㄡˇ ㄎㄨㄥˋ ˙ㄦ	有空兒	ㄧㄡˇ ㄎㄨㄥˋ ㄦˊ
有點兒	ㄧㄡˇ ㄉㄧㄢˇ ˙ㄦ	有點兒	ㄧㄡˇ ㄉㄧㄢˇ ㄦˊ
有意思	ㄧㄡˇ ㄧˋ ˙ㄙ	有意思	ㄧㄡˇ ㄧˋ ㄙ
願意	ㄩㄢˋ ˙ㄧ	願意	ㄩㄢˋ ㄧˋ
月亮	ㄩㄝˋ ˙ㄌㄧㄤ	月亮	ㄩㄝˋ ㄌㄧㄤˋ
運動	ㄩㄣˋ ˙ㄉㄨㄥ	運動	ㄩㄣˋ ㄉㄨㄥˋ
早晨	ㄗㄠˇ ˙ㄔㄣ	早晨	ㄗㄠˇ ㄔㄣˊ
照顧	ㄓㄠˋ ˙ㄍㄨ	照顧	ㄓㄠˋ ㄍㄨˋ
座位	ㄗㄨㄛˋ ˙ㄨㄟ	座位	ㄗㄨㄛˋ ㄨㄟˋ
做法	ㄗㄨㄛˋ ˙ㄈㄚ	做法	ㄗㄨㄛˋ ㄈㄚˇ
本事	ㄅㄣˇ ˙ㄕ	本事	ㄅㄣˇ ㄕˋ
播出	ㄅㄛ ㄔㄨ	播出	ㄅㄛˋ ㄔㄨ
播放	ㄅㄛ ㄈㄤˋ	播放	ㄅㄛˋ ㄈㄤˋ
長處	ㄔㄤˊ ˙ㄔㄨ	長處	ㄔㄤˊ ㄔㄨˋ
長期	ㄔㄤˊ ㄑㄧ	長期	ㄔㄤˊ ㄑㄧˊ
傳播	ㄔㄨㄢˊ ㄅㄛ	傳播	ㄔㄨㄢˊ ㄅㄛˋ
打破	ㄉㄚˇ ˙ㄆㄛ	打破	ㄉㄚˇ ㄆㄛˋ
打聽	ㄉㄚˇ ˙ㄊㄧㄥ	打聽	ㄉㄚˇ ㄊㄧㄥ
底下	ㄉㄧˇ ˙ㄒㄧㄚ	底下	ㄉㄧˇ ㄒㄧㄚˋ
定期	ㄉㄧㄥˋ ㄑㄧ	定期	ㄉㄧㄥˋ ㄑㄧˊ
短處	ㄉㄨㄢˇ ˙ㄔㄨ	短處	ㄉㄨㄢˇ ㄔㄨˋ
短期	ㄉㄨㄢˇ ㄑㄧ	短期	ㄉㄨㄢˇ ㄑㄧˊ
發送	ㄈㄚ ˙ㄙㄨㄥ	發送	ㄈㄚ ㄙㄨㄥˋ
反正	ㄈㄢˇ ˙ㄓㄥ	反正	ㄈㄢˇ ㄓㄥˋ
費用	ㄈㄟˋ ˙ㄩㄥ	費用	ㄈㄟˋ ㄩㄥˋ
父親	ㄈㄨˋ ˙ㄑㄧㄣ	父親	ㄈㄨˋ ㄑㄧㄣ
幹嗎	ㄍㄢˋ ㄇㄚˊ	幹嗎	ㄍㄢˋ ㄇㄚ
工夫	ㄍㄨㄥ ˙ㄈㄨ	工夫	ㄍㄨㄥ ㄈㄨ
功夫	ㄍㄨㄥ ˙ㄈㄨ	功夫	ㄍㄨㄥ ㄈㄨ
姑娘	ㄍㄨ ˙ㄋㄧㄤ	姑娘	ㄍㄨ ㄋㄧㄤˊ
關係	ㄍㄨㄢ ˙ㄒㄧ	關係	ㄍㄨㄢ ㄒㄧˋ
廣播	ㄍㄨㄤˇ ㄅㄛ	廣播	ㄍㄨㄤˇ ㄅㄛˋ
哈哈	ㄏㄚ ˙ㄏㄚ	哈哈	ㄏㄚ ㄏㄚ
後面	ㄏㄡˋ ˙ㄇㄧㄢ	後面	ㄏㄡˋ ㄇㄧㄢˋ
基本上	ㄐㄧ ㄅㄣˇ ˙ㄕㄤ	基本上	ㄐㄧ ㄅㄣˇ ㄕㄤˋ
家具	ㄐㄧㄚ ˙ㄐㄩ	家具	ㄐㄧㄚ ㄐㄩˋ
價錢	ㄐㄧㄚˋ ˙ㄑㄧㄢ	價錢	ㄐㄧㄚˋ ㄑㄧㄢˊ
結實	ㄐㄧㄝ ˙ㄕ	結實	ㄐㄧㄝˊ ㄕˊ
盡量	ㄐㄧㄣˇ ㄌㄧㄤˋ	盡量	ㄐㄧㄣˋ ㄌㄧㄤˋ
近期	ㄐㄧㄣˋ ㄑㄧ	近期	ㄐㄧㄣˋ ㄑㄧˊ
精神	ㄐㄧㄥ ˙ㄕㄣ	精神	ㄐㄧㄥ ㄕㄣˊ
開發	ㄎㄞ ˙ㄈㄚ	開發	ㄎㄞ ㄈㄚ
看起來	ㄎㄢˋ ˙ㄑㄧ ˙ㄌㄞ	看起來	ㄎㄢˋ ㄑㄧˇ ㄌㄞˊ
看上去	ㄎㄢˋ ˙ㄕㄤ ˙ㄑㄩ	看上去	ㄎㄢˋ ㄕㄤˋ ㄑㄩˋ
空兒	ㄎㄨㄥˋ ˙ㄦ	空兒	ㄎㄨㄥˋ ㄦˊ
困難	ㄎㄨㄣˋ ˙ㄋㄢ	困難	ㄎㄨㄣˋ ㄋㄢˊ
老太太	ㄌㄠˇ ㄊㄞˋ ˙ㄊㄞ	老太太	ㄌㄠˇ ㄊㄞˋ ㄊㄞˋ
老頭兒	ㄌㄠˇ ㄊㄡˊ ˙ㄦ	老頭兒	ㄌㄠˇ ㄊㄡˊ ㄦˊ
裡面	ㄌㄧˇ ˙ㄇㄧㄢ	裡面	ㄌㄧˇ ㄇㄧㄢˋ
理髮	ㄌㄧˇ ㄈㄚˋ	理髮	ㄌㄧˇ ㄈㄚˇ
力量	ㄌㄧˋ ˙ㄌㄧㄤ	力量	ㄌㄧˋ ㄌㄧㄤˋ
麻煩	ㄇㄚˊ ˙ㄈㄢ	麻煩	ㄇㄚˊ ㄈㄢˊ
毛病	ㄇㄠˊ ˙ㄅㄧㄥ	毛病	ㄇㄠˊ ㄅㄧㄥˋ
母親	ㄇㄨˇ ˙ㄑㄧㄣ	母親	ㄇㄨˇ ㄑㄧㄣ
配合	ㄆㄟˋ ˙ㄏㄜ	配合	ㄆㄟˋ ㄏㄜˊ
前面	ㄑㄧㄢˊ ˙ㄇㄧㄢ	前面	ㄑㄧㄢˊ ㄇㄧㄢˋ
任務	ㄖㄣˋ ˙ㄨ	任務	ㄖㄣˋ ㄨˋ
上面	ㄕㄤˋ ˙ㄇㄧㄢ	上面	ㄕㄤˋ ㄇㄧㄢˋ
上去	ㄕㄤˋ ˙ㄑㄩ	上去	ㄕㄤˋ ㄑㄩˋ
上來	ㄕㄤˋ ˙ㄌㄞ	上來	ㄕㄤˋ ㄌㄞˊ
生意	ㄕㄥ ˙ㄧ	生意	ㄕㄥ ㄧˋ
實際上	ㄕˊ ㄐㄧˋ ˙ㄕㄤ	實際上	ㄕˊ ㄐㄧˋ ㄕㄤˋ
世界杯	ㄕˋ ㄐㄧㄝˋ ㄅㄟ	世界盃	ㄕˋ ㄐㄧㄝˋ ㄅㄟ
事實上	ㄕˋ ㄕˊ ˙ㄕㄤ	事實上	ㄕˋ ㄕˊ ㄕㄤˋ
突出	ㄊㄨ ㄔㄨ	突出	ㄊㄨˊ ㄔㄨ
突然	ㄊㄨ ㄖㄢˊ	突然	ㄊㄨˊ ㄖㄢˊ
外面	ㄨㄞˋ ˙ㄇㄧㄢ	外面	ㄨㄞˋ ㄇㄧㄢˋ
危險	ㄨㄟ ㄒㄧㄢˇ	危險	ㄨㄟˊ ㄒㄧㄢˇ
危害	ㄨㄟ ㄏㄞˋ	危害	ㄨㄟˊ ㄏㄞˋ
下來	ㄒㄧㄚˋ ˙ㄌㄞ	下來	ㄒㄧㄚˋ ㄌㄞˊ
下去	ㄒㄧㄚˋ ˙ㄑㄩ	下去	ㄒㄧㄚˋ ㄑㄩˋ
下面	ㄒㄧㄚˋ ˙ㄇㄧㄢ	下面	ㄒㄧㄚˋ ㄇㄧㄢˋ
消息	ㄒㄧㄠ ˙ㄒㄧ	消息	ㄒㄧㄠ ㄒㄧˊ
行李	ㄒㄧㄥˊ ˙ㄌㄧ	行李	ㄒㄧㄥˊ ㄌㄧˇ
要是	ㄧㄠˋ ˙ㄕ	要是	ㄧㄠˋ ㄕˋ
直播	ㄓˊ ㄅㄛ	直播	ㄓˊ ㄅㄛˋ
主意	ㄓㄨˇ ˙ㄧ	主意	ㄓㄨˇ ㄧˋ
資格	ㄗ ˙ㄍㄜ	資格	ㄗ ㄍㄜˊ
自然	ㄗˋ ˙ㄖㄢ	自然	ㄗˋ ㄖㄢˊ
寶寶	ㄅㄠˇ ˙ㄅㄠ	寶寶	ㄅㄠˇ ㄅㄠˇ
不在乎	ㄅㄨˋ ㄗㄞˋ ˙ㄏㄨ	不在乎	ㄅㄨˋ ㄗㄞˋ ㄏㄨ
誠實	ㄔㄥˊ ˙ㄕ	誠實	ㄔㄥˊ ㄕˊ
尺寸	ㄔˇ ˙ㄘㄨㄣ	尺寸	ㄔˇ ㄘㄨㄣˋ
充分	ㄔㄨㄥ ㄈㄣˋ	充分	ㄔㄨㄥ ㄈㄣ
穿上	ㄔㄨㄢ ˙ㄕㄤ	穿上	ㄔㄨㄢ ㄕㄤˋ
大方	ㄉㄚˋ ˙ㄈㄤ	大方	ㄉㄚˋ ㄈㄤ
大爺	ㄉㄚˋ ˙ㄧㄝ	大爺	ㄉㄚˋ ㄧㄝˊ
地下	ㄉㄧˋ ˙ㄒㄧㄚ	地下	ㄉㄧˋ ㄒㄧㄚˋ
豆腐	ㄉㄡˋ ˙ㄈㄨ	豆腐	ㄉㄡˋ ㄈㄨˇ
肚子	ㄉㄨˇ ˙ㄗ	肚子	ㄉㄨˋ ˙ㄗ
黃瓜	ㄏㄨㄤˊ ˙ㄍㄨㄚ	黃瓜	ㄏㄨㄤˊ ㄍㄨㄚ
講究	ㄐㄧㄤˇ ˙ㄐㄧㄡ	講究	ㄐㄧㄤˇ ㄐㄧㄡˋ
究竟	ㄐㄧㄡ ㄐㄧㄥˋ	究竟	ㄐㄧㄡˋ ㄐㄧㄥˋ
看來	ㄎㄢˋ ˙ㄌㄞ	看來	ㄎㄢˋ ㄌㄞˊ
看不起	ㄎㄢˋ ˙ㄅㄨ ㄑㄧˇ	看不起	ㄎㄢˋ ㄅㄨˋ ㄑㄧˇ
口袋	ㄎㄡˇ ˙ㄉㄞ	口袋	ㄎㄡˇ ㄉㄞˋ
垃圾	ㄌㄚ ㄐㄧ	垃圾	ㄌㄜˋ ㄙㄜˋ
來不及	ㄌㄞˊ ˙ㄅㄨ ㄐㄧˊ	來不及	ㄌㄞˊ ㄅㄨˋ ㄐㄧˊ
老婆	ㄌㄠˇ ˙ㄆㄛ	老婆	ㄌㄠˇ ㄆㄛˊ
老實	ㄌㄠˇ ˙ㄕ	老實	ㄌㄠˇ ㄕˊ
離不開	ㄌㄧˊ ˙ㄅㄨ ㄎㄞ	離不開	ㄌㄧˊ ㄅㄨˋ ㄎㄞ
利息	ㄌㄧˋ ㄒㄧ	利息	ㄌㄧˋ ㄒㄧˊ
沒法兒	ㄇㄟˊ ㄈㄚˇ ˙ㄦ	沒法兒	ㄇㄟˊ ㄈㄚˇ ㄦˊ
名牌兒	ㄇㄧㄥˊ ㄆㄞˊ ˙ㄦ	名牌兒	ㄇㄧㄥˊ ㄆㄞˊ ㄦˊ
模特兒	ㄇㄛˊ ㄊㄜˋ ˙ㄦ	模特兒	ㄇㄛˊ ㄊㄜˋ ㄦˊ
腦袋	ㄋㄠˇ ˙ㄉㄞ	腦袋	ㄋㄠˇ ㄉㄞˋ
期末	ㄑㄧ ㄇㄛˋ	期末	ㄑㄧˊ ㄇㄛˋ
期待	ㄑㄧ ㄉㄞˋ	期待	ㄑㄧˊ ㄉㄞˋ
期間	ㄑㄧ ㄐㄧㄢ	期間	ㄑㄧˊ ㄐㄧㄢ
期中	ㄑㄧ ㄓㄨㄥ	期中	ㄑㄧˊ ㄓㄨㄥ
期限	ㄑㄧ ㄒㄧㄢˋ	期限	ㄑㄧˊ ㄒㄧㄢˋ
企業	ㄑㄧˇ ㄧㄝˋ	企業	ㄑㄧˋ ㄧㄝˋ
手裡	ㄕㄡˇ ˙ㄌㄧ	手裡	ㄕㄡˇ ㄌㄧˇ
叔叔	ㄕㄨ ˙ㄕㄨ	叔叔	ㄕㄨˊ ㄕㄨˊ
熟練	ㄕㄨˊ ㄌㄧㄢˋ	熟練	ㄕㄡˊ ㄌㄧㄢˋ
說不定	ㄕㄨㄛ ˙ㄅㄨ ㄉㄧㄥˋ	說不定	ㄕㄨㄛ ㄅㄨˋ ㄉㄧㄥˋ
痛快	ㄊㄨㄥˋ ˙ㄎㄨㄞ	痛快	ㄊㄨㄥˋ ㄎㄨㄞˋ
微笑	ㄨㄟ ㄒㄧㄠˋ	微笑	ㄨㄟˊ ㄒㄧㄠˋ
尾巴	ㄨㄟˇ ˙ㄅㄚ	尾巴	ㄨㄟˇ ㄅㄚ
位置	ㄨㄟˋ ˙ㄓ	位置	ㄨㄟˋ ㄓˋ
味兒	ㄨㄟˋ ˙ㄦ	味兒	ㄨㄟˋ ㄦˊ
西瓜	ㄒㄧ ˙ㄍㄨㄚ	西瓜	ㄒㄧ ㄍㄨㄚ
想象	ㄒㄧㄤˇ ㄒㄧㄤˋ	想像	ㄒㄧㄤˇ ㄒㄧㄤˋ
新鮮	ㄒㄧㄣ ˙ㄒㄧㄢ	新鮮	ㄒㄧㄣ ㄒㄧㄢ
兄弟	ㄒㄩㄥ ˙ㄉㄧ	兄弟	ㄒㄩㄥ ㄉㄧˋ
延期	ㄧㄢˊ ㄑㄧ	延期	ㄧㄢˊ ㄑㄧˊ
研究	ㄧㄢˊ ㄐㄧㄡ	研究	ㄧㄢˊ ㄐㄧㄡˋ
研究生	ㄧㄢˊ ㄐㄧㄡ ㄕㄥ	研究生	ㄧㄢˊ ㄐㄧㄡˋ ㄕㄥ
眼裡	ㄧㄢˇ ˙ㄌㄧ	眼裡	ㄧㄢˇ ㄌㄧˇ
有勁兒	ㄧㄡˇ ㄐㄧㄣˋ ˙ㄦ	有勁兒	ㄧㄡˇ ㄐㄧㄣˋ ㄦˊ
遇見	ㄩˋ ˙ㄐㄧㄢ	遇見	ㄩˋ ㄐㄧㄢˋ
約會	ㄩㄝ ˙ㄏㄨㄟ	約會	ㄩㄝ ㄏㄨㄟˋ
在乎	ㄗㄞˋ ˙ㄏㄨ	在乎	ㄗㄞˋ ㄏㄨ
贊賞	ㄗㄢˋ ㄕㄤˇ	讚賞	ㄗㄢˋ ㄕㄤˇ
丈夫	ㄓㄤˋ ˙ㄈㄨ	丈夫	ㄓㄤˋ ㄈㄨ
招呼	ㄓㄠ ˙ㄏㄨ	招呼	ㄓㄠ ㄏㄨ
綜合	ㄗㄨㄥ ㄏㄜˊ	綜合	ㄗㄨㄥˋ ㄏㄜˊ
嘴巴	ㄗㄨㄟˇ ˙ㄅㄚ	嘴巴	ㄗㄨㄟˇ ㄅㄚ
抱怨	ㄅㄠˋ ˙ㄩㄢ	抱怨	ㄅㄠˋ ㄩㄢˋ
比方	ㄅㄧˇ ˙ㄈㄤ	比方	ㄅㄧˇ ㄈㄤ
玻璃	ㄅㄛ ˙ㄌㄧ	玻璃	ㄅㄛ ㄌㄧˊ
差點兒	ㄔㄚˋ ㄉㄧㄢˇ ˙ㄦ	差點兒	ㄔㄚ ㄉㄧㄢˇ ㄦˊ
衝突	ㄔㄨㄥ ㄊㄨ	衝突	ㄔㄨㄥ ㄊㄨˊ
初期	ㄔㄨ ㄑㄧ	初期	ㄔㄨ ㄑㄧˊ
除夕	ㄔㄨˊ ㄒㄧ	除夕	ㄔㄨˊ ㄒㄧˋ
處分	ㄔㄨˇ ㄈㄣˋ	處分	ㄔㄨˇ ㄈㄣ
打扮	ㄉㄚˇ ˙ㄅㄢ	打扮	ㄉㄚˇ ㄅㄢˋ
打擊	ㄉㄚˇ ㄐㄧ	打擊	ㄉㄚˇ ㄐㄧˊ
大都	ㄉㄚˋ ㄉㄨ	大都	ㄉㄚˋ ㄉㄡ
大伙兒	ㄉㄚˋ ㄏㄨㄛˇ ˙ㄦ	大伙兒	ㄉㄚˋ ㄏㄨㄛˇ ㄦˊ
低于	ㄉㄧ ㄩˊ	低於	ㄉㄧ ㄩˊ
耳朵	ㄦˇ ˙ㄉㄨㄛ	耳朵	ㄦˇ ㄉㄨㄛˇ
發行	ㄈㄚ ㄏㄤˊ	發行	ㄈㄚ ㄒㄧㄥˊ
防治	ㄈㄤˊ ㄓˇ	防治	ㄈㄤˊ ㄓˋ
個兒	ㄍㄜˋ ˙ㄦ	個兒	ㄍㄜˋ ㄦˊ
活潑	ㄏㄨㄛˊ ˙ㄆㄛ	活潑	ㄏㄨㄛˊ ㄆㄛ
迴憶	ㄏㄨㄟˊ ㄧˋ	回憶	ㄏㄨㄟˊ ㄧˋ
機製	ㄐㄧ ㄓˋ	機制	ㄐㄧ ㄓˋ
加上	ㄐㄧㄚ ˙ㄕㄤ	加上	ㄐㄧㄚ ㄕㄤˋ
建築	ㄐㄧㄢˋ ㄓㄨˋ	建築	ㄐㄧㄢˋ ㄓㄨˊ
可惜	ㄎㄜˇ ㄒㄧ	可惜	ㄎㄜˇ ㄒㄧˊ
勞動	ㄌㄠˊ ˙ㄉㄨㄥ	勞動	ㄌㄠˊ ㄉㄨㄥˋ
碼頭	ㄇㄚˇ ˙ㄊㄡ	碼頭	ㄇㄚˇ ㄊㄡˊ
模糊	ㄇㄛˊ ˙ㄏㄨ	模糊	ㄇㄛˊ ㄏㄨˊ
摩託	ㄇㄛˊ ㄊㄨㄛ	摩托	ㄇㄛˊ ㄊㄨㄛ
葡萄酒	ㄆㄨˊ ˙ㄊㄠ ㄐㄧㄡˇ	葡萄酒	ㄆㄨˊ ㄊㄠˊ ㄐㄧㄡˇ
期望	ㄑㄧ ㄨㄤˋ	期望	ㄑㄧˊ ㄨㄤˋ
悄悄	ㄑㄧㄠ ㄑㄧㄠ	悄悄	ㄑㄧㄠˇ ㄑㄧㄠˇ
忍不住	ㄖㄣˇ ˙ㄅㄨ ㄓㄨˋ	忍不住	ㄖㄣˇ ㄅㄨˋ ㄓㄨˋ
稍微	ㄕㄠ ㄨㄟ	稍微	ㄕㄠ ㄨㄟˊ
捨不得	ㄕㄜˇ ˙ㄅㄨ ˙ㄉㄜ	捨不得	ㄕㄜˇ ㄅㄨˋ ˙ㄉㄜ
射擊	ㄕㄜˋ ㄐㄧ	射擊	ㄕㄜˋ ㄐㄧˊ
剩下	ㄕㄥˋ ˙ㄒㄧㄚ	剩下	ㄕㄥˋ ㄒㄧㄚˋ
師傅	ㄕ ˙ㄈㄨ	師傅	ㄕ ㄈㄨˋ
收拾	ㄕㄡ ˙ㄕ	收拾	ㄕㄡ ㄕˊ
熟悉	ㄕㄨˊ ˙ㄒㄧ	熟悉	ㄕㄡˊ ㄒㄧ
說法	ㄕㄨㄛ ˙ㄈㄚ	說法	ㄕㄨㄛ ㄈㄚˇ
突破	ㄊㄨ ㄆㄛˋ	突破	ㄊㄨˊ ㄆㄛˋ
為期	ㄨㄟˊ ㄑㄧ	為期	ㄨㄟˊ ㄑㄧˊ
相應	ㄒㄧㄤ ˙ㄧㄥ	相應	ㄒㄧㄤ ㄧㄥˋ
小偷兒	ㄒㄧㄠˇ ㄊㄡ ˙ㄦ	小偷兒	ㄒㄧㄠˇ ㄊㄡ ㄦˊ
研究所	ㄧㄢˊ ㄐㄧㄡ ㄙㄨㄛˇ	研究所	ㄧㄢˊ ㄐㄧㄡˋ ㄙㄨㄛˇ
意識	ㄧˋ ˙ㄕ	意識	ㄧˋ ㄕˋ
擁抱	ㄩㄥ ㄅㄠˋ	擁抱	ㄩㄥˇ ㄅㄠˋ
擁有	ㄩㄥ ㄧㄡˇ	擁有	ㄩㄥˇ ㄧㄡˇ
用于	ㄩㄥˋ ㄩˊ	用於	ㄩㄥˋ ㄩˊ
預期	ㄩˋ ㄑㄧ	預期	ㄩˋ ㄑㄧˊ
月餅	ㄩㄝˋ ˙ㄅㄧㄥ	月餅	ㄩㄝˋ ㄅㄧㄥˇ
早期	ㄗㄠˇ ㄑㄧ	早期	ㄗㄠˇ ㄑㄧˊ
珍惜	ㄓㄣ ㄒㄧ	珍惜	ㄓㄣ ㄒㄧˊ
只不過	ㄓˇ ˙ㄅㄨ ㄍㄨㄛˋ	只不過	ㄓˇ ㄅㄨˋ ㄍㄨㄛˋ
指甲	ㄓˇ ˙ㄐㄧㄚ	指甲	ㄓˇ ㄐㄧㄚˇ
週期	ㄓㄡ ㄑㄧ	週期	ㄓㄡ ㄑㄧˊ
本期	ㄅㄣˇ ㄑㄧ	本期	ㄅㄣˇ ㄑㄧˊ
表面上	ㄅㄧㄠˇ ㄇㄧㄢˋ ˙ㄕㄤ	表面上	ㄅㄧㄠˇ ㄇㄧㄢˋ ㄕㄤˋ
殘疾	ㄘㄢˊ ˙ㄐㄧ	殘疾	ㄘㄢˊ ㄐㄧˊ
成分	ㄔㄥˊ ˙ㄈㄣ	成分	ㄔㄥˊ ㄈㄣˋ
衝擊	ㄔㄨㄥ ㄐㄧ	衝擊	ㄔㄨㄥ ㄐㄧˊ
打發	ㄉㄚˇ ˙ㄈㄚ	打發	ㄉㄚˇ ㄈㄚ
到期	ㄉㄠˋ ㄑㄧ	到期	ㄉㄠˋ ㄑㄧˊ
隊伍	ㄉㄨㄟˋ ˙ㄨ	隊伍	ㄉㄨㄟˋ ㄨˇ
仿佛	ㄈㄤˇ ㄈㄨˊ	彷彿	ㄈㄤˇ ㄈㄨˊ
趕不上	ㄍㄢˇ ˙ㄅㄨ ㄕㄤˋ	趕不上	ㄍㄢˇ ㄅㄨˋ ㄕㄤˋ
攻擊	ㄍㄨㄥ ㄐㄧ	攻擊	ㄍㄨㄥ ㄐㄧˊ
衡量	ㄏㄥˊ ˙ㄌㄧㄤ	衡量	ㄏㄥˊ ㄌㄧㄤˊ
看得見	ㄎㄢˋ ㄉㄜˊ ㄐㄧㄢˋ	看得見	ㄎㄢˋ ˙ㄉㄜ ㄐㄧㄢˋ
聊天兒	ㄌㄧㄠˊ ㄊㄧㄢ ˙ㄦ	聊天兒	ㄌㄧㄠˊ ㄊㄧㄢ ㄦˊ
面嚮	ㄇㄧㄢˋ ㄒㄧㄤˋ	面向	ㄇㄧㄢˋ ㄒㄧㄤˋ
企圖	ㄑㄧˇ ㄊㄨˊ	企圖	ㄑㄧˋ ㄊㄨˊ
時期	ㄕˊ ㄑㄧ	時期	ㄕˊ ㄑㄧˊ
踏實	ㄊㄚ ˙ㄕ	踏實	ㄊㄚˋ ㄕˊ
歲數	ㄙㄨㄟˋ ˙ㄕㄨ	歲數	ㄙㄨㄟˋ ㄕㄨˋ
同期	ㄊㄨㄥˊ ㄑㄧ	同期	ㄊㄨㄥˊ ㄑㄧˊ
徒弟	ㄊㄨˊ ˙ㄉㄧ	徒弟	ㄊㄨˊ ㄉㄧˋ
娃娃	ㄨㄚˊ ˙ㄨㄚ	娃娃	ㄨㄚˊ ㄨㄚˊ
危機	ㄨㄟ ㄐㄧ	危機	ㄨㄟˊ ㄐㄧ
微波爐	ㄨㄟ ㄅㄛ ㄌㄨˊ	微波爐	ㄨㄟˊ ㄅㄛ ㄌㄨˊ
舞蹈	ㄨˇ ㄉㄠˇ	舞蹈	ㄨˇ ㄉㄠˋ
細菌	ㄒㄧˋ ㄐㄩㄣ	細菌	ㄒㄧˋ ㄐㄩㄣˋ
想不到	ㄒㄧㄤˇ ˙ㄅㄨ ㄉㄠˋ	想不到	ㄒㄧㄤˇ ㄅㄨˋ ㄉㄠˋ
要不然	ㄧㄠˋ ˙ㄅㄨ ㄖㄢˊ	要不然	ㄧㄠˋ ㄅㄨˋ ㄖㄢˊ
用處	ㄩㄥˋ ˙ㄔㄨ	用處	ㄩㄥˋ ㄔㄨˋ
扎實	ㄓㄚ ˙ㄕ	紮實	ㄓㄚˊ ㄕˊ
賬戶	ㄓㄤˋ ㄏㄨˋ	帳戶	ㄓㄤˋ ㄏㄨˋ
正當	ㄓㄥˋ ㄉㄤ	正當	ㄓㄥˋ ㄉㄤˋ
癥狀	ㄓㄥˋ ㄓㄨㄤˋ	症狀	ㄓㄥˋ ㄓㄨㄤˋ
支撐	ㄓ ˙ㄔㄥ	支撐	ㄓ ㄔㄥ
中期	ㄓㄨㄥ ㄑㄧ	中期	ㄓㄨㄥ ㄑㄧˊ
追究	ㄓㄨㄟ ㄐㄧㄡ	追究	ㄓㄨㄟ ㄐㄧㄡˋ
自在	ㄗˋ ˙ㄗㄞ	自在	ㄗˋ ㄗㄞˋ
